{
    "discount_rate": 1.0,
    "epsilon": 0.15000000000000002,
    "learning_rate": 0.00035635678342817916,
    "learning_rate_decay": 1.0,
    "lr_episodes_decay": 100
}