{
    "discount_rate": 0.8500000000000001,
    "epsilon": 0.05,
    "learning_rate": 0.005923135573707461,
    "learning_rate_decay": 0.9400000000000001,
    "lr_episodes_decay": 10000
}