{
    "algo_name": "sarsa",
    "discount_rate": 0.9,
    "epsilon": 0.15000000000000002,
    "learning_rate": 0.0718004912914175,
    "learning_rate_decay": 0.98,
    "lr_episodes_decay": 1000
}